,R,G,B,C
0,41,131,109,red
1,50,137,101,red
2,46,130,99,red
3,38,139,113,red
4,37,135,104,red
5,48,135,105,red
6,49,137,111,red
7,55,136,114,red
8,60,130,111,red
9,46,133,100,red
10,34,130,100,red
11,45,138,103,red
12,32,136,97,red
13,53,139,95,red
14,35,133,107,red
15,29,135,98,red
16,50,131,108,red
17,50,138,101,red
18,59,139,104,red
19,39,131,98,red
20,33,137,105,red
21,46,134,97,red
22,62,139,108,red
23,59,132,101,red
24,47,135,97,red
25,32,134,99,red
26,29,131,95,red
27,47,138,104,red
28,26,131,114,red
29,36,132,105,red
30,60,139,103,red
31,26,130,96,red
32,37,133,114,red
33,61,130,105,red
34,62,132,96,red
35,52,133,112,red
36,30,132,110,red
37,46,133,108,red
38,32,138,105,red
39,33,132,108,red
40,39,131,101,red
41,53,131,95,red
42,32,139,104,red
43,33,132,112,red
44,47,133,113,red
45,41,137,110,red
46,51,137,109,red
47,48,138,95,red
48,28,132,97,red
49,40,133,111,red
50,53,136,109,red
51,40,137,99,red
52,44,135,102,red
53,57,137,114,red
54,57,137,105,red
55,36,139,107,red
56,32,130,98,red
57,35,133,105,red
58,39,139,109,red
59,63,139,106,red
60,35,135,113,red
61,47,136,109,red
62,62,138,110,red
63,28,131,95,red
64,46,130,96,red
65,57,137,100,red
66,36,138,105,red
67,34,139,111,red
68,29,131,109,red
69,47,131,108,red
70,52,136,111,red
71,42,132,97,red
72,26,131,107,red
73,47,138,110,red
74,37,132,102,red
75,45,135,103,red
76,56,130,111,red
77,32,132,95,red
78,50,138,100,red
79,31,131,108,red
80,50,138,98,red
81,52,130,101,red
82,34,134,106,red
83,53,137,113,red
84,36,130,114,red
85,59,138,99,red
86,46,130,104,red
87,33,139,98,red
88,47,131,106,red
89,55,136,114,red
90,55,135,113,red
91,54,139,106,red
92,48,131,104,red
93,54,133,103,red
94,58,132,101,red
95,55,135,104,red
96,55,132,112,red
97,43,134,108,red
98,61,136,109,red
99,40,132,103,red
100,22,53,68,yellow
101,34,65,59,yellow
102,22,59,84,yellow
103,33,58,58,yellow
104,31,63,87,yellow
105,23,32,60,yellow
106,34,62,76,yellow
107,22,63,81,yellow
108,33,51,86,yellow
109,32,33,57,yellow
110,23,50,88,yellow
111,22,62,57,yellow
112,34,42,76,yellow
113,24,34,64,yellow
114,34,42,83,yellow
115,26,61,62,yellow
116,32,42,67,yellow
117,34,57,76,yellow
118,32,54,75,yellow
119,29,51,59,yellow
120,33,58,55,yellow
121,28,40,66,yellow
122,32,55,83,yellow
123,27,56,65,yellow
124,30,35,77,yellow
125,34,46,96,yellow
126,26,58,96,yellow
127,28,57,60,yellow
128,34,57,94,yellow
129,23,37,72,yellow
130,28,63,55,yellow
131,28,38,66,yellow
132,30,45,83,yellow
133,33,60,95,yellow
134,22,55,59,yellow
135,32,54,57,yellow
136,26,45,69,yellow
137,25,60,88,yellow
138,30,66,79,yellow
139,33,60,83,yellow
140,27,45,86,yellow
141,33,34,92,yellow
142,29,63,91,yellow
143,29,64,95,yellow
144,26,58,88,yellow
145,29,65,54,yellow
146,34,67,79,yellow
147,29,41,85,yellow
148,33,53,97,yellow
149,25,56,56,yellow
150,34,63,56,yellow
151,22,44,53,yellow
152,22,44,79,yellow
153,22,56,77,yellow
154,23,63,56,yellow
155,26,37,58,yellow
156,29,46,71,yellow
157,23,33,94,yellow
158,30,62,61,yellow
159,34,52,96,yellow
160,32,45,60,yellow
161,29,41,92,yellow
162,31,67,86,yellow
163,22,67,63,yellow
164,32,49,75,yellow
165,29,54,69,yellow
166,24,42,87,yellow
167,33,45,84,yellow
168,22,33,73,yellow
169,29,57,70,yellow
170,33,36,90,yellow
171,33,34,89,yellow
172,25,34,54,yellow
173,24,53,83,yellow
174,33,39,59,yellow
175,24,65,57,yellow
176,22,64,89,yellow
177,26,55,79,yellow
178,25,65,62,yellow
179,32,50,77,yellow
180,22,64,78,yellow
181,22,47,66,yellow
182,23,58,88,yellow
183,33,44,62,yellow
184,32,45,68,yellow
185,22,39,87,yellow
186,26,38,55,yellow
187,31,59,77,yellow
188,27,64,77,yellow
189,27,38,82,yellow
190,27,59,55,yellow
191,22,47,82,yellow
192,24,65,96,yellow
193,27,45,74,yellow
194,23,38,60,yellow
195,30,39,87,yellow
196,28,53,75,yellow
197,23,48,60,yellow
198,31,62,82,yellow
199,23,62,80,yellow
200,162,211,168,black
201,197,205,191,black
202,197,210,148,black
203,195,187,180,black
204,170,216,193,black
205,184,211,168,black
206,200,184,190,black
207,196,194,193,black
208,173,235,173,black
209,171,192,159,black
210,194,198,168,black
211,187,221,160,black
212,188,215,188,black
213,169,198,189,black
214,192,195,169,black
215,183,196,192,black
216,168,213,189,black
217,171,217,154,black
218,176,190,149,black
219,160,183,148,black
220,168,209,170,black
221,188,239,151,black
222,194,197,192,black
223,174,226,150,black
224,198,182,172,black
225,171,238,191,black
226,195,205,189,black
227,177,238,168,black
228,167,192,153,black
229,187,198,178,black
230,169,204,152,black
231,164,197,159,black
232,193,233,179,black
233,183,216,194,black
234,178,212,192,black
235,202,193,175,black
236,195,208,157,black
237,165,222,171,black
238,160,230,179,black
239,203,197,158,black
240,171,202,181,black
241,185,198,181,black
242,201,211,160,black
243,175,219,180,black
244,202,237,158,black
245,204,193,152,black
246,184,230,187,black
247,187,220,184,black
248,169,218,176,black
249,175,187,152,black
250,197,188,156,black
251,169,184,155,black
252,170,234,179,black
253,202,220,193,black
254,194,220,175,black
255,172,182,172,black
256,183,215,163,black
257,165,204,171,black
258,199,225,178,black
259,184,191,157,black
260,199,213,154,black
261,163,238,187,black
262,171,209,168,black
263,193,191,171,black
264,204,193,194,black
265,181,202,160,black
266,186,187,182,black
267,186,216,193,black
268,181,192,191,black
269,164,213,184,black
270,190,207,153,black
271,172,200,185,black
272,178,193,174,black
273,181,198,159,black
274,203,180,164,black
275,192,218,180,black
276,172,223,191,black
277,196,206,160,black
278,178,224,159,black
279,193,231,149,black
280,189,184,176,black
281,168,220,149,black
282,183,225,183,black
283,200,199,184,black
284,202,231,149,black
285,167,213,186,black
286,191,223,192,black
287,165,185,156,black
288,184,219,150,black
289,190,230,187,black
290,166,189,159,black
291,181,206,155,black
292,185,227,158,black
293,191,216,174,black
294,174,208,173,black
295,192,236,156,black
296,166,231,152,black
297,203,211,194,black
298,191,235,168,black
299,179,233,150,black
300,159,159,127,grey
301,153,169,127,grey
302,167,150,151,grey
303,152,150,132,grey
304,140,166,159,grey
305,155,161,159,grey
306,166,157,141,grey
307,157,164,141,grey
308,134,186,132,grey
309,131,183,151,grey
310,162,178,131,grey
311,140,162,128,grey
312,166,182,143,grey
313,145,162,133,grey
314,142,177,159,grey
315,136,153,147,grey
316,148,171,156,grey
317,130,165,131,grey
318,151,170,148,grey
319,130,163,124,grey
320,159,188,124,grey
321,136,181,146,grey
322,156,153,125,grey
323,164,177,151,grey
324,162,150,157,grey
325,159,166,130,grey
326,152,174,154,grey
327,151,161,127,grey
328,168,153,135,grey
329,155,186,125,grey
330,141,168,151,grey
331,146,177,143,grey
332,165,174,153,grey
333,147,187,135,grey
334,142,171,157,grey
335,159,172,145,grey
336,141,186,147,grey
337,137,174,130,grey
338,144,182,159,grey
339,165,165,144,grey
340,164,161,127,grey
341,136,174,150,grey
342,148,150,148,grey
343,136,188,125,grey
344,142,181,123,grey
345,168,175,145,grey
346,144,185,156,grey
347,146,160,147,grey
348,135,170,137,grey
349,139,153,147,grey
350,161,156,159,grey
351,144,151,129,grey
352,160,183,153,grey
353,163,169,130,grey
354,155,172,153,grey
355,161,165,126,grey
356,167,183,153,grey
357,152,166,143,grey
358,156,188,146,grey
359,135,174,156,grey
360,156,178,134,grey
361,138,162,159,grey
362,140,188,135,grey
363,145,189,137,grey
364,149,162,132,grey
365,140,184,156,grey
366,148,160,125,grey
367,159,168,150,grey
368,148,154,138,grey
369,165,158,159,grey
370,167,176,129,grey
371,130,186,149,grey
372,166,188,134,grey
373,130,188,154,grey
374,158,158,148,grey
375,160,182,148,grey
376,130,154,149,grey
377,150,158,136,grey
378,133,178,149,grey
379,160,163,142,grey
380,153,170,155,grey
381,131,187,123,grey
382,166,161,133,grey
383,161,157,134,grey
384,130,160,150,grey
385,139,185,121,grey
386,145,153,135,grey
387,168,172,136,grey
388,169,158,143,grey
389,156,157,137,grey
390,144,185,130,grey
391,146,150,136,grey
392,157,171,153,grey
393,135,174,135,grey
394,142,157,148,grey
395,152,171,132,grey
396,154,165,125,grey
397,164,154,137,grey
398,141,167,130,grey
399,145,181,125,grey
400,20,26,16,white
401,15,26,15,white
402,18,26,14,white
403,22,18,20,white
404,18,23,16,white
405,17,24,24,white
406,18,25,24,white
407,23,18,18,white
408,16,24,20,white
409,21,21,24,white
410,21,20,24,white
411,23,21,19,white
412,18,18,21,white
413,19,21,18,white
414,15,20,24,white
415,17,20,22,white
416,19,27,18,white
417,22,25,16,white
418,21,23,15,white
419,15,19,22,white
420,19,27,22,white
421,18,20,15,white
422,15,18,21,white
423,16,26,21,white
424,16,20,17,white
425,23,25,17,white
426,22,26,17,white
427,22,25,21,white
428,19,22,21,white
429,18,18,16,white
430,15,25,14,white
431,18,22,21,white
432,23,27,15,white
433,17,25,20,white
434,23,25,19,white
435,20,23,22,white
436,15,24,22,white
437,17,23,20,white
438,19,19,14,white
439,20,25,22,white
440,18,24,18,white
441,21,25,22,white
442,15,22,22,white
443,18,19,23,white
444,20,26,19,white
445,19,19,15,white
446,16,23,24,white
447,16,19,24,white
448,16,23,20,white
449,19,18,18,white
450,18,22,15,white
451,19,20,15,white
452,16,24,24,white
453,20,20,20,white
454,22,18,14,white
455,15,27,18,white
456,16,26,15,white
457,22,20,23,white
458,18,21,17,white
459,21,21,18,white
460,21,22,18,white
461,19,19,19,white
462,20,27,21,white
463,19,18,23,white
464,15,20,18,white
465,21,25,22,white
466,17,23,22,white
467,16,23,16,white
468,18,18,20,white
469,19,20,24,white
470,23,20,21,white
471,16,21,16,white
472,23,27,21,white
473,21,19,21,white
474,20,23,20,white
475,19,19,20,white
476,16,20,24,white
477,21,26,18,white
478,22,26,24,white
479,20,24,18,white
480,17,26,19,white
481,16,25,18,white
482,16,26,17,white
483,16,24,24,white
484,22,21,24,white
485,20,20,21,white
486,16,27,22,white
487,19,21,21,white
488,17,25,17,white
489,21,21,15,white
490,18,21,18,white
491,17,21,15,white
492,19,19,20,white
493,18,23,23,white
494,22,26,18,white
495,21,22,19,white
496,23,21,22,white
497,18,22,16,white
498,16,26,20,white
499,23,19,15,white
500,140,133,60,blue
501,147,132,64,blue
502,144,125,61,blue
503,154,128,56,blue
504,155,129,58,blue
505,144,128,65,blue
506,140,134,60,blue
507,155,132,56,blue
508,152,128,63,blue
509,152,127,56,blue
510,154,130,56,blue
511,159,125,64,blue
512,156,134,55,blue
513,157,126,56,blue
514,141,133,56,blue
515,147,129,57,blue
516,161,133,59,blue
517,148,125,61,blue
518,145,127,63,blue
519,146,128,58,blue
520,158,133,60,blue
521,147,131,57,blue
522,144,129,62,blue
523,145,127,65,blue
524,141,132,63,blue
525,155,127,57,blue
526,148,134,63,blue
527,158,128,55,blue
528,157,130,55,blue
529,141,130,60,blue
530,147,129,55,blue
531,147,127,57,blue
532,155,132,63,blue
533,157,132,56,blue
534,158,133,57,blue
535,152,132,58,blue
536,140,134,64,blue
537,146,132,60,blue
538,141,129,61,blue
539,160,133,65,blue
540,149,128,62,blue
541,145,126,59,blue
542,158,133,56,blue
543,153,133,62,blue
544,157,133,65,blue
545,161,132,55,blue
546,144,133,60,blue
547,149,128,62,blue
548,145,128,56,blue
549,151,133,57,blue
550,144,134,59,blue
551,160,134,64,blue
552,156,133,57,blue
553,159,126,64,blue
554,148,127,55,blue
555,148,125,58,blue
556,152,134,59,blue
557,141,127,62,blue
558,153,131,59,blue
559,160,128,62,blue
560,153,132,61,blue
561,150,132,58,blue
562,149,126,62,blue
563,142,133,61,blue
564,150,130,65,blue
565,156,129,56,blue
566,148,133,64,blue
567,146,127,59,blue
568,146,132,56,blue
569,154,133,60,blue
570,154,126,56,blue
571,141,126,56,blue
572,155,129,55,blue
573,159,133,65,blue
574,157,128,65,blue
575,143,128,60,blue
576,148,133,61,blue
577,148,129,57,blue
578,159,126,57,blue
579,154,133,56,blue
580,158,126,60,blue
581,144,127,64,blue
582,157,125,59,blue
583,140,127,61,blue
584,146,134,61,blue
585,145,131,55,blue
586,158,134,59,blue
587,142,129,63,blue
588,144,127,65,blue
589,142,126,55,blue
590,155,127,56,blue
591,142,131,62,blue
592,160,133,57,blue
593,142,128,65,blue
594,156,126,55,blue
595,144,134,56,blue
596,155,129,62,blue
597,157,127,62,blue
598,144,130,59,blue
599,153,131,64,blue
600,146,75,60,light_blue
601,149,75,65,light_blue
602,148,87,63,light_blue
603,143,85,57,light_blue
604,160,81,56,light_blue
605,146,87,63,light_blue
606,155,78,59,light_blue
607,157,80,57,light_blue
608,143,81,55,light_blue
609,152,87,57,light_blue
610,147,80,62,light_blue
611,160,82,55,light_blue
612,150,80,57,light_blue
613,157,89,63,light_blue
614,148,78,65,light_blue
615,144,75,61,light_blue
616,142,83,59,light_blue
617,140,82,57,light_blue
618,140,80,62,light_blue
619,157,81,64,light_blue
620,146,81,61,light_blue
621,152,85,65,light_blue
622,150,82,64,light_blue
623,153,84,57,light_blue
624,157,81,62,light_blue
625,161,88,59,light_blue
626,152,78,60,light_blue
627,152,76,62,light_blue
628,141,76,61,light_blue
629,149,83,62,light_blue
630,149,78,59,light_blue
631,151,88,65,light_blue
632,155,81,65,light_blue
633,144,79,65,light_blue
634,149,89,65,light_blue
635,153,77,63,light_blue
636,154,87,55,light_blue
637,161,76,63,light_blue
638,149,87,59,light_blue
639,149,79,65,light_blue
640,144,79,61,light_blue
641,146,87,62,light_blue
642,140,84,55,light_blue
643,155,88,60,light_blue
644,159,80,55,light_blue
645,143,87,59,light_blue
646,143,85,59,light_blue
647,142,89,64,light_blue
648,152,82,55,light_blue
649,145,77,62,light_blue
650,145,77,65,light_blue
651,161,78,55,light_blue
652,148,89,61,light_blue
653,158,86,56,light_blue
654,160,82,64,light_blue
655,161,85,55,light_blue
656,154,89,60,light_blue
657,155,84,55,light_blue
658,161,82,60,light_blue
659,143,80,55,light_blue
660,158,85,59,light_blue
661,158,83,59,light_blue
662,146,75,62,light_blue
663,155,79,58,light_blue
664,141,87,63,light_blue
665,153,76,64,light_blue
666,154,87,59,light_blue
667,155,83,61,light_blue
668,143,85,64,light_blue
669,151,77,55,light_blue
670,150,83,62,light_blue
671,145,78,60,light_blue
672,152,76,61,light_blue
673,149,77,63,light_blue
674,141,76,60,light_blue
675,151,85,65,light_blue
676,141,87,60,light_blue
677,155,81,56,light_blue
678,156,81,56,light_blue
679,141,75,64,light_blue
680,145,79,57,light_blue
681,159,82,63,light_blue
682,155,85,57,light_blue
683,160,85,61,light_blue
684,148,82,55,light_blue
685,143,88,60,light_blue
686,161,80,64,light_blue
687,149,89,62,light_blue
688,156,80,63,light_blue
689,154,84,61,light_blue
690,157,88,59,light_blue
691,141,84,64,light_blue
692,153,76,61,light_blue
693,144,79,60,light_blue
694,153,85,63,light_blue
695,161,82,65,light_blue
696,145,80,63,light_blue
697,140,76,56,light_blue
698,157,89,60,light_blue
699,150,77,65,light_blue
700,127,131,82,dark_blue
701,113,144,88,dark_blue
702,195,140,98,dark_blue
703,134,131,96,dark_blue
704,121,147,70,dark_blue
705,200,140,79,dark_blue
706,159,150,87,dark_blue
707,139,140,80,dark_blue
708,167,130,80,dark_blue
709,199,149,98,dark_blue
710,112,147,95,dark_blue
711,127,123,99,dark_blue
712,196,147,97,dark_blue
713,189,131,83,dark_blue
714,209,150,78,dark_blue
715,150,122,78,dark_blue
716,175,124,97,dark_blue
717,159,140,72,dark_blue
718,121,154,72,dark_blue
719,205,130,84,dark_blue
720,121,145,85,dark_blue
721,133,144,94,dark_blue
722,198,145,98,dark_blue
723,135,134,94,dark_blue
724,135,123,74,dark_blue
725,183,154,76,dark_blue
726,135,128,78,dark_blue
727,177,140,88,dark_blue
728,130,154,90,dark_blue
729,183,127,70,dark_blue
730,143,133,80,dark_blue
731,202,128,80,dark_blue
732,172,121,79,dark_blue
733,152,120,75,dark_blue
734,168,125,88,dark_blue
735,122,152,95,dark_blue
736,129,139,84,dark_blue
737,179,135,87,dark_blue
738,180,154,83,dark_blue
739,131,130,89,dark_blue
740,132,120,85,dark_blue
741,187,144,87,dark_blue
742,187,129,73,dark_blue
743,125,150,75,dark_blue
744,207,149,97,dark_blue
745,114,137,97,dark_blue
746,170,154,97,dark_blue
747,208,135,86,dark_blue
748,161,127,81,dark_blue
749,113,129,70,dark_blue
750,168,131,70,dark_blue
751,186,145,90,dark_blue
752,180,148,70,dark_blue
753,208,125,71,dark_blue
754,118,123,83,dark_blue
755,182,147,76,dark_blue
756,203,132,84,dark_blue
757,141,123,85,dark_blue
758,110,121,86,dark_blue
759,111,130,71,dark_blue
760,118,131,74,dark_blue
761,198,150,95,dark_blue
762,123,144,72,dark_blue
763,145,135,78,dark_blue
764,169,136,79,dark_blue
765,204,124,97,dark_blue
766,136,139,76,dark_blue
767,119,146,87,dark_blue
768,148,142,70,dark_blue
769,110,145,78,dark_blue
770,127,131,93,dark_blue
771,112,142,89,dark_blue
772,193,138,95,dark_blue
773,180,138,70,dark_blue
774,123,144,89,dark_blue
775,187,126,90,dark_blue
776,141,139,86,dark_blue
777,185,126,92,dark_blue
778,167,132,96,dark_blue
779,185,146,97,dark_blue
780,202,152,84,dark_blue
781,160,127,76,dark_blue
782,111,145,78,dark_blue
783,142,131,86,dark_blue
784,183,130,76,dark_blue
785,127,142,92,dark_blue
786,173,122,83,dark_blue
787,169,154,92,dark_blue
788,156,134,95,dark_blue
789,137,133,89,dark_blue
790,150,135,78,dark_blue
791,203,148,98,dark_blue
792,123,137,99,dark_blue
793,188,133,78,dark_blue
794,131,124,95,dark_blue
795,122,134,94,dark_blue
796,148,120,70,dark_blue
797,144,152,76,dark_blue
798,205,132,99,dark_blue
799,149,132,77,dark_blue
800,59,93,50,violet
801,59,88,45,violet
802,59,81,59,violet
803,55,91,56,violet
804,57,88,57,violet
805,68,87,47,violet
806,50,82,47,violet
807,57,81,54,violet
808,67,82,54,violet
809,64,92,57,violet
810,62,92,51,violet
811,65,93,58,violet
812,61,88,52,violet
813,64,89,57,violet
814,55,81,52,violet
815,67,83,41,violet
816,59,91,41,violet
817,63,98,43,violet
818,58,85,41,violet
819,50,95,48,violet
820,67,85,48,violet
821,57,87,58,violet
822,63,88,49,violet
823,68,88,47,violet
824,62,83,49,violet
825,69,85,51,violet
826,68,90,42,violet
827,50,85,51,violet
828,52,81,47,violet
829,51,86,47,violet
830,69,87,52,violet
831,57,84,57,violet
832,62,95,56,violet
833,54,89,53,violet
834,51,96,52,violet
835,58,86,47,violet
836,55,98,50,violet
837,62,95,58,violet
838,65,88,59,violet
839,56,82,40,violet
840,54,95,49,violet
841,61,93,51,violet
842,52,87,43,violet
843,56,91,51,violet
844,52,81,54,violet
845,50,87,44,violet
846,53,89,50,violet
847,52,92,54,violet
848,60,89,47,violet
849,60,93,44,violet
850,56,99,48,violet
851,64,91,44,violet
852,57,99,44,violet
853,66,92,51,violet
854,68,99,57,violet
855,68,91,48,violet
856,62,97,59,violet
857,51,96,42,violet
858,60,84,40,violet
859,57,85,58,violet
860,58,98,47,violet
861,62,99,45,violet
862,54,82,51,violet
863,51,93,53,violet
864,62,83,45,violet
865,52,83,58,violet
866,61,98,42,violet
867,50,95,51,violet
868,51,99,40,violet
869,66,97,49,violet
870,64,85,56,violet
871,57,89,55,violet
872,50,93,55,violet
873,63,87,59,violet
874,69,82,43,violet
875,57,84,49,violet
876,67,84,54,violet
877,59,98,59,violet
878,58,90,51,violet
879,54,94,52,violet
880,65,99,53,violet
881,64,97,46,violet
882,66,96,56,violet
883,66,87,44,violet
884,60,92,44,violet
885,60,94,54,violet
886,52,81,56,violet
887,51,95,41,violet
888,63,91,42,violet
889,58,84,55,violet
890,52,96,59,violet
891,65,91,50,violet
892,55,93,42,violet
893,63,99,42,violet
894,59,98,40,violet
895,67,97,40,violet
896,56,86,46,violet
897,64,95,55,violet
898,54,93,47,violet
899,64,91,50,violet
900,124,49,64,green
901,110,48,67,green
902,113,54,59,green
903,93,42,69,green
904,142,45,53,green
905,144,55,69,green
906,122,42,53,green
907,140,55,50,green
908,113,64,61,green
909,117,51,69,green
910,123,41,63,green
911,104,53,55,green
912,103,52,63,green
913,135,63,64,green
914,97,60,59,green
915,96,52,67,green
916,121,57,63,green
917,142,62,52,green
918,113,60,55,green
919,121,41,58,green
920,115,57,57,green
921,127,50,52,green
922,138,48,68,green
923,96,45,58,green
924,140,54,59,green
925,132,54,59,green
926,107,49,52,green
927,113,51,60,green
928,100,42,64,green
929,90,57,52,green
930,96,42,68,green
931,87,52,69,green
932,126,42,63,green
933,87,46,58,green
934,114,51,57,green
935,116,55,62,green
936,133,59,61,green
937,85,46,62,green
938,131,43,59,green
939,84,63,62,green
940,127,46,53,green
941,119,50,62,green
942,111,40,52,green
943,84,51,68,green
944,108,64,58,green
945,111,62,56,green
946,140,49,60,green
947,87,43,54,green
948,110,50,51,green
949,128,59,57,green
950,112,43,67,green
951,121,45,66,green
952,103,42,51,green
953,89,52,52,green
954,128,45,67,green
955,131,41,67,green
956,143,47,62,green
957,82,60,62,green
958,91,46,68,green
959,144,55,61,green
960,137,52,53,green
961,105,46,69,green
962,129,58,59,green
963,117,60,64,green
964,124,64,69,green
965,127,44,55,green
966,90,58,66,green
967,95,63,68,green
968,144,56,67,green
969,108,47,57,green
970,132,49,69,green
971,98,42,51,green
972,84,41,67,green
973,141,62,60,green
974,91,49,68,green
975,106,54,59,green
976,107,62,52,green
977,106,40,56,green
978,129,43,57,green
979,123,50,56,green
980,131,51,67,green
981,122,55,62,green
982,133,53,57,green
983,83,61,58,green
984,130,42,50,green
985,84,53,64,green
986,127,43,59,green
987,113,48,57,green
988,118,64,61,green
989,120,51,65,green
990,139,47,62,green
991,131,47,58,green
992,94,55,55,green
993,83,61,53,green
994,139,57,60,green
995,136,50,56,green
996,102,44,53,green
997,131,64,63,green
998,98,40,58,green
999,110,44,61,green
1000,148,104,116,light_green
1001,145,107,119,light_green
1002,146,101,114,light_green
1003,148,102,114,light_green
1004,149,104,116,light_green
1005,145,102,115,light_green
1006,148,109,118,light_green
1007,147,100,114,light_green
1008,145,102,118,light_green
1009,146,102,119,light_green
1010,146,104,116,light_green
1011,145,105,114,light_green
1012,145,105,117,light_green
1013,149,103,119,light_green
1014,146,108,116,light_green
1015,146,106,118,light_green
1016,146,106,116,light_green
1017,149,105,119,light_green
1018,145,107,119,light_green
1019,147,104,114,light_green
1020,149,101,115,light_green
1021,147,107,116,light_green
1022,148,104,117,light_green
1023,146,103,118,light_green
1024,145,102,115,light_green
1025,149,109,119,light_green
1026,147,102,119,light_green
1027,145,100,118,light_green
1028,146,104,117,light_green
1029,145,100,115,light_green
1030,149,103,119,light_green
1031,146,109,118,light_green
1032,148,101,115,light_green
1033,145,104,114,light_green
1034,146,105,116,light_green
1035,146,106,114,light_green
1036,148,103,119,light_green
1037,149,102,119,light_green
1038,148,103,115,light_green
1039,149,102,117,light_green
1040,149,107,117,light_green
1041,149,102,115,light_green
1042,145,100,119,light_green
1043,148,109,115,light_green
1044,145,103,119,light_green
1045,148,102,117,light_green
1046,147,103,115,light_green
1047,146,107,115,light_green
1048,147,102,114,light_green
1049,145,107,118,light_green
1050,149,109,118,light_green
1051,146,109,119,light_green
1052,146,105,115,light_green
1053,148,109,119,light_green
1054,148,105,114,light_green
1055,146,106,117,light_green
1056,147,109,119,light_green
1057,148,101,119,light_green
1058,147,107,115,light_green
1059,148,102,117,light_green
1060,147,109,119,light_green
1061,146,106,117,light_green
1062,146,104,119,light_green
1063,145,104,119,light_green
1064,145,103,119,light_green
1065,147,100,119,light_green
1066,145,106,117,light_green
1067,147,104,116,light_green
1068,146,104,116,light_green
1069,145,106,119,light_green
1070,147,102,116,light_green
1071,147,105,119,light_green
1072,146,105,119,light_green
1073,149,109,116,light_green
1074,147,100,116,light_green
1075,149,108,115,light_green
1076,149,107,119,light_green
1077,148,104,117,light_green
1078,147,104,114,light_green
1079,149,108,119,light_green
1080,148,103,115,light_green
1081,149,104,116,light_green
1082,145,104,114,light_green
1083,147,103,115,light_green
1084,146,108,118,light_green
1085,148,105,117,light_green
1086,149,107,118,light_green
1087,146,106,119,light_green
1088,145,100,116,light_green
1089,148,106,116,light_green
1090,147,104,118,light_green
1091,146,108,119,light_green
1092,147,109,115,light_green
1093,147,101,115,light_green
1094,146,109,115,light_green
1095,148,106,115,light_green
1096,149,103,115,light_green
1097,146,101,115,light_green
1098,146,109,119,light_green
1099,145,101,114,light_green
1100,149,62,63,dark_green
1101,136,71,65,dark_green
1102,130,70,77,dark_green
1103,147,66,72,dark_green
1104,133,65,64,dark_green
1105,138,63,65,dark_green
1106,149,75,62,dark_green
1107,146,60,60,dark_green
1108,133,66,79,dark_green
1109,149,73,61,dark_green
1110,136,77,79,dark_green
1111,144,77,78,dark_green
1112,141,77,62,dark_green
1113,149,72,76,dark_green
1114,130,66,74,dark_green
1115,149,66,79,dark_green
1116,148,74,69,dark_green
1117,146,69,72,dark_green
1118,144,73,78,dark_green
1119,137,69,74,dark_green
1120,134,71,63,dark_green
1121,136,68,73,dark_green
1122,132,72,79,dark_green
1123,146,61,60,dark_green
1124,133,60,67,dark_green
1125,141,61,61,dark_green
1126,149,75,63,dark_green
1127,148,64,79,dark_green
1128,142,75,74,dark_green
1129,138,66,77,dark_green
1130,138,76,79,dark_green
1131,144,60,63,dark_green
1132,149,72,78,dark_green
1133,141,65,68,dark_green
1134,143,76,73,dark_green
1135,131,73,75,dark_green
1136,135,69,77,dark_green
1137,149,73,70,dark_green
1138,138,75,65,dark_green
1139,137,71,76,dark_green
1140,139,73,78,dark_green
1141,138,76,62,dark_green
1142,139,63,74,dark_green
1143,145,66,68,dark_green
1144,141,66,75,dark_green
1145,147,66,77,dark_green
1146,130,76,73,dark_green
1147,143,65,61,dark_green
1148,130,60,65,dark_green
1149,131,61,70,dark_green
1150,139,70,75,dark_green
1151,143,72,78,dark_green
1152,140,64,68,dark_green
1153,144,62,79,dark_green
1154,148,71,77,dark_green
1155,142,68,75,dark_green
1156,137,76,79,dark_green
1157,130,72,60,dark_green
1158,135,72,70,dark_green
1159,140,74,73,dark_green
1160,136,64,69,dark_green
1161,138,70,69,dark_green
1162,134,70,71,dark_green
1163,143,71,69,dark_green
1164,149,74,72,dark_green
1165,133,62,66,dark_green
1166,149,77,79,dark_green
1167,138,76,61,dark_green
1168,133,72,63,dark_green
1169,135,61,72,dark_green
1170,147,66,73,dark_green
1171,137,67,65,dark_green
1172,130,69,75,dark_green
1173,139,73,65,dark_green
1174,140,68,61,dark_green
1175,136,61,72,dark_green
1176,142,74,79,dark_green
1177,141,71,74,dark_green
1178,146,64,69,dark_green
1179,149,61,70,dark_green
1180,133,70,73,dark_green
1181,135,74,76,dark_green
1182,136,61,60,dark_green
1183,137,77,73,dark_green
1184,141,73,73,dark_green
1185,147,72,75,dark_green
1186,147,75,66,dark_green
1187,131,71,66,dark_green
1188,130,71,69,dark_green
1189,131,64,63,dark_green
1190,145,63,77,dark_green
1191,143,76,76,dark_green
1192,147,63,66,dark_green
1193,133,72,67,dark_green
1194,142,60,71,dark_green
1195,135,70,69,dark_green
1196,143,66,75,dark_green
1197,138,73,65,dark_green
1198,147,60,78,dark_green
1199,144,65,79,dark_green
1200,34,74,40,pink
1201,32,68,39,pink
1202,32,74,43,pink
1203,34,71,43,pink
1204,32,70,43,pink
1205,27,71,37,pink
1206,33,66,41,pink
1207,34,66,39,pink
1208,31,73,43,pink
1209,26,67,35,pink
1210,26,72,38,pink
1211,34,67,44,pink
1212,26,65,39,pink
1213,30,66,38,pink
1214,30,70,44,pink
1215,31,73,40,pink
1216,25,65,36,pink
1217,29,65,39,pink
1218,31,68,38,pink
1219,26,73,36,pink
1220,27,69,35,pink
1221,31,67,35,pink
1222,27,69,38,pink
1223,34,68,40,pink
1224,28,72,44,pink
1225,31,66,35,pink
1226,33,68,40,pink
1227,26,73,40,pink
1228,27,70,44,pink
1229,27,72,35,pink
1230,32,69,44,pink
1231,25,70,43,pink
1232,26,69,40,pink
1233,27,65,39,pink
1234,29,71,37,pink
1235,32,67,39,pink
1236,34,74,44,pink
1237,34,72,39,pink
1238,28,72,38,pink
1239,30,68,44,pink
1240,33,65,44,pink
1241,27,65,42,pink
1242,25,74,37,pink
1243,28,69,35,pink
1244,25,71,35,pink
1245,32,67,44,pink
1246,25,70,38,pink
1247,25,71,42,pink
1248,34,66,43,pink
1249,29,70,44,pink
1250,26,68,36,pink
1251,29,72,36,pink
1252,31,66,42,pink
1253,32,72,38,pink
1254,32,69,36,pink
1255,34,72,40,pink
1256,27,71,35,pink
1257,25,69,41,pink
1258,29,67,35,pink
1259,32,68,41,pink
1260,30,70,37,pink
1261,26,67,40,pink
1262,26,71,43,pink
1263,32,66,40,pink
1264,28,70,35,pink
1265,30,65,38,pink
1266,26,74,39,pink
1267,27,71,38,pink
1268,29,69,37,pink
1269,28,67,44,pink
1270,28,66,35,pink
1271,30,72,37,pink
1272,31,73,37,pink
1273,30,73,41,pink
1274,29,74,42,pink
1275,31,70,42,pink
1276,33,73,42,pink
1277,26,66,44,pink
1278,33,73,42,pink
1279,26,68,42,pink
1280,31,73,39,pink
1281,33,73,44,pink
1282,34,71,39,pink
1283,30,65,39,pink
1284,26,72,43,pink
1285,33,69,42,pink
1286,31,66,44,pink
1287,32,71,41,pink
1288,29,72,38,pink
1289,29,72,37,pink
1290,25,71,43,pink
1291,34,69,42,pink
1292,30,67,37,pink
1293,29,66,38,pink
1294,26,67,37,pink
1295,30,68,36,pink
1296,34,68,39,pink
1297,31,65,35,pink
1298,26,71,41,pink
1299,26,73,36,pink
1300,50,60,60,brown
1301,54,69,71,brown
1302,53,57,57,brown
1303,37,68,59,brown
1304,40,67,57,brown
1305,51,60,58,brown
1306,38,64,56,brown
1307,35,58,69,brown
1308,53,57,66,brown
1309,51,64,56,brown
1310,37,69,61,brown
1311,37,66,56,brown
1312,35,58,63,brown
1313,53,72,56,brown
1314,48,57,70,brown
1315,37,74,73,brown
1316,35,60,67,brown
1317,35,61,65,brown
1318,41,58,65,brown
1319,53,68,60,brown
1320,49,55,73,brown
1321,48,57,58,brown
1322,52,59,73,brown
1323,40,71,67,brown
1324,36,65,55,brown
1325,53,62,61,brown
1326,37,56,60,brown
1327,51,55,59,brown
1328,39,67,55,brown
1329,47,74,70,brown
1330,46,66,66,brown
1331,35,56,69,brown
1332,40,60,55,brown
1333,37,66,63,brown
1334,51,72,66,brown
1335,40,70,67,brown
1336,51,73,60,brown
1337,54,74,56,brown
1338,43,62,59,brown
1339,48,59,70,brown
1340,41,55,60,brown
1341,52,62,73,brown
1342,39,55,69,brown
1343,38,56,72,brown
1344,51,66,57,brown
1345,51,55,65,brown
1346,46,68,74,brown
1347,36,67,72,brown
1348,35,64,70,brown
1349,45,73,71,brown
1350,44,57,73,brown
1351,47,66,55,brown
1352,46,70,64,brown
1353,37,61,73,brown
1354,48,66,69,brown
1355,44,63,70,brown
1356,43,56,60,brown
1357,45,71,57,brown
1358,40,68,68,brown
1359,54,72,74,brown
1360,49,64,69,brown
1361,53,67,55,brown
1362,50,59,55,brown
1363,46,65,71,brown
1364,50,70,66,brown
1365,45,71,64,brown
1366,50,65,72,brown
1367,54,71,66,brown
1368,39,71,69,brown
1369,46,60,56,brown
1370,39,61,66,brown
1371,51,70,57,brown
1372,43,67,68,brown
1373,41,66,61,brown
1374,41,67,59,brown
1375,41,64,56,brown
1376,43,63,62,brown
1377,36,61,71,brown
1378,51,55,70,brown
1379,45,73,74,brown
1380,54,59,55,brown
1381,45,70,64,brown
1382,52,56,63,brown
1383,38,55,68,brown
1384,43,60,58,brown
1385,35,71,73,brown
1386,52,72,56,brown
1387,36,57,71,brown
1388,43,66,71,brown
1389,46,61,61,brown
1390,40,69,59,brown
1391,41,71,55,brown
1392,39,61,69,brown
1393,46,63,57,brown
1394,45,68,55,brown
1395,52,57,58,brown
1396,51,62,67,brown
1397,42,68,64,brown
1398,36,63,72,brown
1399,42,58,73,brown
1400,73,179,122,maroon
1401,70,180,128,maroon
1402,67,178,124,maroon
1403,67,175,126,maroon
1404,68,181,120,maroon
1405,66,179,133,maroon
1406,72,183,130,maroon
1407,67,179,139,maroon
1408,70,167,136,maroon
1409,66,168,138,maroon
1410,72,172,124,maroon
1411,65,178,123,maroon
1412,72,179,128,maroon
1413,72,169,133,maroon
1414,74,177,138,maroon
1415,69,174,135,maroon
1416,72,175,122,maroon
1417,70,179,137,maroon
1418,68,177,125,maroon
1419,71,183,135,maroon
1420,72,175,135,maroon
1421,71,182,124,maroon
1422,67,168,139,maroon
1423,70,174,134,maroon
1424,73,171,136,maroon
1425,67,170,121,maroon
1426,66,176,132,maroon
1427,74,169,123,maroon
1428,73,172,126,maroon
1429,71,182,128,maroon
1430,65,179,134,maroon
1431,69,175,123,maroon
1432,69,170,127,maroon
1433,71,166,128,maroon
1434,71,182,138,maroon
1435,72,171,124,maroon
1436,74,172,134,maroon
1437,70,180,139,maroon
1438,71,166,125,maroon
1439,68,171,135,maroon
1440,68,183,123,maroon
1441,68,166,127,maroon
1442,73,173,136,maroon
1443,72,180,126,maroon
1444,65,176,126,maroon
1445,71,170,124,maroon
1446,66,169,123,maroon
1447,73,178,121,maroon
1448,73,182,126,maroon
1449,70,178,135,maroon
1450,74,178,121,maroon
1451,70,179,134,maroon
1452,73,179,139,maroon
1453,69,181,124,maroon
1454,65,180,137,maroon
1455,70,165,123,maroon
1456,66,177,120,maroon
1457,67,182,130,maroon
1458,71,171,137,maroon
1459,68,167,127,maroon
1460,71,166,139,maroon
1461,69,168,134,maroon
1462,71,170,134,maroon
1463,65,179,121,maroon
1464,66,173,127,maroon
1465,68,174,124,maroon
1466,68,168,138,maroon
1467,65,183,137,maroon
1468,70,181,134,maroon
1469,69,165,139,maroon
1470,74,184,138,maroon
1471,65,175,133,maroon
1472,73,172,137,maroon
1473,67,181,131,maroon
1474,69,172,121,maroon
1475,66,177,133,maroon
1476,67,173,133,maroon
1477,68,172,136,maroon
1478,71,176,123,maroon
1479,70,175,135,maroon
1480,66,165,122,maroon
1481,70,184,139,maroon
1482,69,173,130,maroon
1483,69,175,127,maroon
1484,65,167,127,maroon
1485,67,165,127,maroon
1486,70,182,138,maroon
1487,66,179,124,maroon
1488,67,182,124,maroon
1489,65,165,120,maroon
1490,70,166,137,maroon
1491,68,173,129,maroon
1492,74,174,127,maroon
1493,73,181,128,maroon
1494,71,174,126,maroon
1495,71,183,123,maroon
1496,65,181,129,maroon
1497,70,170,139,maroon
1498,66,182,134,maroon
1499,65,173,133,maroon
1500,33,101,95,orange
1501,34,98,98,orange
1502,51,104,110,orange
1503,31,129,102,orange
1504,46,130,99,orange
1505,38,129,133,orange
1506,32,109,128,orange
1507,52,94,95,orange
1508,54,98,114,orange
1509,36,123,108,orange
1510,34,135,102,orange
1511,42,134,119,orange
1512,35,94,137,orange
1513,39,116,139,orange
1514,45,131,96,orange
1515,41,135,134,orange
1516,45,138,139,orange
1517,31,134,121,orange
1518,32,136,121,orange
1519,51,94,139,orange
1520,40,115,117,orange
1521,53,116,108,orange
1522,48,129,124,orange
1523,33,127,120,orange
1524,53,102,100,orange
1525,32,102,98,orange
1526,51,112,105,orange
1527,35,111,115,orange
1528,40,110,109,orange
1529,41,101,138,orange
1530,40,102,136,orange
1531,36,108,113,orange
1532,49,132,95,orange
1533,31,115,130,orange
1534,51,111,100,orange
1535,42,118,133,orange
1536,42,93,125,orange
1537,51,109,123,orange
1538,53,104,127,orange
1539,37,130,132,orange
1540,54,141,140,orange
1541,44,121,143,orange
1542,51,90,114,orange
1543,39,96,144,orange
1544,40,123,144,orange
1545,38,139,119,orange
1546,50,104,117,orange
1547,36,128,123,orange
1548,31,96,144,orange
1549,54,123,139,orange
1550,32,121,124,orange
1551,38,104,96,orange
1552,41,113,108,orange
1553,48,135,140,orange
1554,31,95,128,orange
1555,40,95,128,orange
1556,36,121,137,orange
1557,37,118,109,orange
1558,48,113,127,orange
1559,44,121,126,orange
1560,34,128,144,orange
1561,45,104,102,orange
1562,42,96,143,orange
1563,52,127,115,orange
1564,51,141,117,orange
1565,43,95,118,orange
1566,51,95,137,orange
1567,51,142,99,orange
1568,48,123,141,orange
1569,39,117,143,orange
1570,39,102,139,orange
1571,46,95,105,orange
1572,49,113,114,orange
1573,31,91,113,orange
1574,53,117,109,orange
1575,54,101,104,orange
1576,50,137,99,orange
1577,48,137,120,orange
1578,32,97,141,orange
1579,41,137,120,orange
1580,48,103,121,orange
1581,38,143,113,orange
1582,34,96,131,orange
1583,52,104,119,orange
1584,51,134,139,orange
1585,52,142,139,orange
1586,37,108,124,orange
1587,54,134,103,orange
1588,44,132,100,orange
1589,37,111,142,orange
1590,53,141,114,orange
1591,46,119,109,orange
1592,34,122,110,orange
1593,53,97,137,orange
1594,49,114,129,orange
1595,49,130,104,orange
1596,37,144,124,orange
1597,33,99,125,orange
1598,32,129,129,orange
1599,37,115,126,orange
